[{"id":1,"ma_sinhvien":"17914221","ten_sinhvien":"Genty","namsinh":2001,"ma_lop":"DTKMPM13B"},
{"id":2,"ma_sinhvien":"17856721","ten_sinhvien":"Antonomolii","namsinh":1996,"ma_lop":"DTKMPM13B"},
{"id":3,"ma_sinhvien":"17301671","ten_sinhvien":"Housley","namsinh":2001,"ma_lop":"DTKMPM13B"},
{"id":4,"ma_sinhvien":"17254231","ten_sinhvien":"Sarginson","namsinh":2000,"ma_lop":"DTKMPM13B"},
{"id":5,"ma_sinhvien":"17051981","ten_sinhvien":"Hurburt","namsinh":2001,"ma_lop":"DTKMPM13B"},
{"id":6,"ma_sinhvien":"17048481","ten_sinhvien":"Barnicott","namsinh":1998,"ma_lop":"DTKMPM13B"},
{"id":7,"ma_sinhvien":"17616281","ten_sinhvien":"Matysik","namsinh":2000,"ma_lop":"DTKMPM13B"},
{"id":8,"ma_sinhvien":"17847191","ten_sinhvien":"Robey","namsinh":1996,"ma_lop":"DTKMPM13B"},
{"id":9,"ma_sinhvien":"17149721","ten_sinhvien":"Wilkin","namsinh":2000,"ma_lop":"DTKMPM13B"},
{"id":10,"ma_sinhvien":"17253841","ten_sinhvien":"Chasteau","namsinh":2002,"ma_lop":"DTKMPM13B"},
{"id":11,"ma_sinhvien":"17831321","ten_sinhvien":"Woodgate","namsinh":2000,"ma_lop":"DTKMPM13B"},
{"id":12,"ma_sinhvien":"17050411","ten_sinhvien":"Garden","namsinh":1996,"ma_lop":"DTKMPM13B"},
{"id":13,"ma_sinhvien":"17388541","ten_sinhvien":"Ollivierre","namsinh":1997,"ma_lop":"DTKMPM13B"},
{"id":14,"ma_sinhvien":"17533221","ten_sinhvien":"Dmiterko","namsinh":2001,"ma_lop":"DTKMPM13B"},
{"id":15,"ma_sinhvien":"17495381","ten_sinhvien":"Lyndon","namsinh":2000,"ma_lop":"DTKMPM13B"},
{"id":16,"ma_sinhvien":"17923741","ten_sinhvien":"Blazevic","namsinh":1997,"ma_lop":"DTKMPM13B"},
{"id":17,"ma_sinhvien":"17723821","ten_sinhvien":"Emanuel","namsinh":1999,"ma_lop":"DTKMPM13B"},
{"id":18,"ma_sinhvien":"17850261","ten_sinhvien":"Geggie","namsinh":1996,"ma_lop":"DTKMPM13B"},
{"id":19,"ma_sinhvien":"17759151","ten_sinhvien":"Lidstone","namsinh":1999,"ma_lop":"DTKMPM13B"},
{"id":20,"ma_sinhvien":"17169701","ten_sinhvien":"Crannell","namsinh":2001,"ma_lop":"DTKMPM13B"},
{"id":21,"ma_sinhvien":"17391251","ten_sinhvien":"Owbridge","namsinh":2001,"ma_lop":"DTKMPM13B"},
{"id":22,"ma_sinhvien":"17699281","ten_sinhvien":"Habbergham","namsinh":1999,"ma_lop":"DTKMPM13B"},
{"id":23,"ma_sinhvien":"17524891","ten_sinhvien":"MacGibbon","namsinh":1998,"ma_lop":"DTKMPM13B"},
{"id":24,"ma_sinhvien":"17238051","ten_sinhvien":"Selway","namsinh":1996,"ma_lop":"DTKMPM13B"},
{"id":25,"ma_sinhvien":"17865771","ten_sinhvien":"Gilston","namsinh":2000,"ma_lop":"DTKMPM13B"},
{"id":26,"ma_sinhvien":"17748011","ten_sinhvien":"Chew","namsinh":1997,"ma_lop":"DTKMPM13B"},
{"id":27,"ma_sinhvien":"17621971","ten_sinhvien":"Wall","namsinh":2001,"ma_lop":"DTKMPM13B"},
{"id":28,"ma_sinhvien":"17593441","ten_sinhvien":"Partener","namsinh":1997,"ma_lop":"DTKMPM13B"},
{"id":29,"ma_sinhvien":"17546141","ten_sinhvien":"Sergent","namsinh":1996,"ma_lop":"DTKMPM13B"},
{"id":30,"ma_sinhvien":"17838181","ten_sinhvien":"Kohnemann","namsinh":2001,"ma_lop":"DTKMPM13B"},
{"id":31,"ma_sinhvien":"17044491","ten_sinhvien":"Aves","namsinh":1998,"ma_lop":"DTKMPM13B"},
{"id":32,"ma_sinhvien":"17779341","ten_sinhvien":"Label","namsinh":1998,"ma_lop":"DTKMPM13B"},
{"id":33,"ma_sinhvien":"17670991","ten_sinhvien":"Degnen","namsinh":1997,"ma_lop":"DTKMPM13B"},
{"id":34,"ma_sinhvien":"17857411","ten_sinhvien":"Andresen","namsinh":1996,"ma_lop":"DTKMPM13B"},
{"id":35,"ma_sinhvien":"17806881","ten_sinhvien":"Novotne","namsinh":1999,"ma_lop":"DTKMPM13B"},
{"id":36,"ma_sinhvien":"17116341","ten_sinhvien":"Tuther","namsinh":1997,"ma_lop":"DTKMPM13B"},
{"id":37,"ma_sinhvien":"17073011","ten_sinhvien":"Goymer","namsinh":1997,"ma_lop":"DTKMPM13B"},
{"id":38,"ma_sinhvien":"17040841","ten_sinhvien":"Sikorski","namsinh":1999,"ma_lop":"DTKMPM13B"},
{"id":39,"ma_sinhvien":"17604531","ten_sinhvien":"Roof","namsinh":2001,"ma_lop":"DTKMPM13B"},
{"id":40,"ma_sinhvien":"17475001","ten_sinhvien":"Pittwood","namsinh":2002,"ma_lop":"DTKMPM13B"},
{"id":41,"ma_sinhvien":"17788071","ten_sinhvien":"Smitten","namsinh":1997,"ma_lop":"DTKMPM13B"},
{"id":42,"ma_sinhvien":"17304551","ten_sinhvien":"Tevelov","namsinh":1997,"ma_lop":"DTKMPM13B"},
{"id":43,"ma_sinhvien":"17239541","ten_sinhvien":"Boath","namsinh":2001,"ma_lop":"DTKMPM13B"},
{"id":44,"ma_sinhvien":"17775611","ten_sinhvien":"Tollit","namsinh":1996,"ma_lop":"DTKMPM13B"},
{"id":45,"ma_sinhvien":"17689981","ten_sinhvien":"Blyde","namsinh":1998,"ma_lop":"DTKMPM13B"},
{"id":46,"ma_sinhvien":"17235831","ten_sinhvien":"Marron","namsinh":1996,"ma_lop":"DTKMPM13B"},
{"id":47,"ma_sinhvien":"17925851","ten_sinhvien":"Keasy","namsinh":2000,"ma_lop":"DTKMPM13B"},
{"id":48,"ma_sinhvien":"17443401","ten_sinhvien":"Savins","namsinh":2001,"ma_lop":"DTKMPM13B"},
{"id":49,"ma_sinhvien":"17614931","ten_sinhvien":"Demougeot","namsinh":1998,"ma_lop":"DTKMPM13B"},
{"id":50,"ma_sinhvien":"17803551","ten_sinhvien":"Hirtzmann","namsinh":1997,"ma_lop":"DTKMPM13B"}]